--
-- PostgreSQL database dump
--

\restrict trVoXKsdnWD3xrSlkD8N8ED5Mh2mm8QplJODfDclkFA9SLo6HE8wAfcjdglgcy9

-- Dumped from database version 18.0
-- Dumped by pg_dump version 18.0

SET statement_timeout = 0;
SET lock_timeout = 0;
SET idle_in_transaction_session_timeout = 0;
SET transaction_timeout = 0;
SET client_encoding = 'UTF8';
SET standard_conforming_strings = on;
SELECT pg_catalog.set_config('search_path', '', false);
SET check_function_bodies = false;
SET xmloption = content;
SET client_min_messages = warning;
SET row_security = off;

--
-- Name: public; Type: SCHEMA; Schema: -; Owner: hewhale
--

-- *not* creating schema, since initdb creates it


ALTER SCHEMA public OWNER TO hewhale;

SET default_tablespace = '';

SET default_table_access_method = heap;

--
-- Name: armors; Type: TABLE; Schema: public; Owner: postgres
--

CREATE TABLE public.armors (
    id integer NOT NULL,
    slug text,
    name_ru text NOT NULL,
    armor_level text,
    effect text
);


ALTER TABLE public.armors OWNER TO postgres;

--
-- Name: armors_id_seq; Type: SEQUENCE; Schema: public; Owner: postgres
--

CREATE SEQUENCE public.armors_id_seq
    START WITH 1
    INCREMENT BY 1
    NO MINVALUE
    NO MAXVALUE
    CACHE 1;


ALTER SEQUENCE public.armors_id_seq OWNER TO postgres;

--
-- Name: armors_id_seq; Type: SEQUENCE OWNED BY; Schema: public; Owner: postgres
--

ALTER SEQUENCE public.armors_id_seq OWNED BY public.armors.id;


--
-- Name: bonuses; Type: TABLE; Schema: public; Owner: postgres
--

CREATE TABLE public.bonuses (
    id bigint NOT NULL,
    slug text NOT NULL,
    name_ru text NOT NULL,
    desc_ru text NOT NULL
);


ALTER TABLE public.bonuses OWNER TO postgres;

--
-- Name: bonuses_id_seq; Type: SEQUENCE; Schema: public; Owner: postgres
--

ALTER TABLE public.bonuses ALTER COLUMN id ADD GENERATED ALWAYS AS IDENTITY (
    SEQUENCE NAME public.bonuses_id_seq
    START WITH 1
    INCREMENT BY 1
    NO MINVALUE
    NO MAXVALUE
    CACHE 1
);


--
-- Name: class_bonuses; Type: TABLE; Schema: public; Owner: postgres
--

CREATE TABLE public.class_bonuses (
    class_id integer,
    bonuses_id integer
);


ALTER TABLE public.class_bonuses OWNER TO postgres;

--
-- Name: class_memories; Type: TABLE; Schema: public; Owner: postgres
--

CREATE TABLE public.class_memories (
    class_id integer,
    memories_id integer
);


ALTER TABLE public.class_memories OWNER TO postgres;

--
-- Name: class_skills; Type: TABLE; Schema: public; Owner: postgres
--

CREATE TABLE public.class_skills (
    class_id integer,
    skills_id integer
);


ALTER TABLE public.class_skills OWNER TO postgres;

--
-- Name: classes; Type: TABLE; Schema: public; Owner: postgres
--

CREATE TABLE public.classes (
    id bigint NOT NULL,
    slug text NOT NULL,
    name_ru text NOT NULL,
    desc_ru text NOT NULL,
    hp_formula text NOT NULL,
    money_formula text NOT NULL,
    signs_formula text NOT NULL,
    agility_formula text NOT NULL,
    presence_formula text NOT NULL,
    strength_formula text NOT NULL,
    toughness_formula text NOT NULL,
    bonus_type text,
    weapon_formula text NOT NULL,
    armor_formula text NOT NULL,
    memorie_type text
);


ALTER TABLE public.classes OWNER TO postgres;

--
-- Name: classes_id_seq; Type: SEQUENCE; Schema: public; Owner: postgres
--

ALTER TABLE public.classes ALTER COLUMN id ADD GENERATED BY DEFAULT AS IDENTITY (
    SEQUENCE NAME public.classes_id_seq
    START WITH 1
    INCREMENT BY 1
    NO MINVALUE
    NO MAXVALUE
    CACHE 1
);


--
-- Name: items; Type: TABLE; Schema: public; Owner: postgres
--

CREATE TABLE public.items (
    id bigint NOT NULL,
    slug text NOT NULL,
    name_ru text NOT NULL,
    effect text,
    counts text,
    cost integer,
    category text
);


ALTER TABLE public.items OWNER TO postgres;

--
-- Name: items_id_seq; Type: SEQUENCE; Schema: public; Owner: postgres
--

ALTER TABLE public.items ALTER COLUMN id ADD GENERATED ALWAYS AS IDENTITY (
    SEQUENCE NAME public.items_id_seq
    START WITH 1
    INCREMENT BY 1
    NO MINVALUE
    NO MAXVALUE
    CACHE 1
);


--
-- Name: memories; Type: TABLE; Schema: public; Owner: postgres
--

CREATE TABLE public.memories (
    id bigint NOT NULL,
    slug text NOT NULL,
    name_ru text NOT NULL,
    desc_ru text NOT NULL
);


ALTER TABLE public.memories OWNER TO postgres;

--
-- Name: memories_id_seq; Type: SEQUENCE; Schema: public; Owner: postgres
--

CREATE SEQUENCE public.memories_id_seq
    START WITH 1
    INCREMENT BY 1
    NO MINVALUE
    NO MAXVALUE
    CACHE 1;


ALTER SEQUENCE public.memories_id_seq OWNER TO postgres;

--
-- Name: memories_id_seq; Type: SEQUENCE OWNED BY; Schema: public; Owner: postgres
--

ALTER SEQUENCE public.memories_id_seq OWNED BY public.memories.id;


--
-- Name: narrative; Type: TABLE; Schema: public; Owner: postgres
--

CREATE TABLE public.narrative (
    id bigint NOT NULL,
    slug text NOT NULL,
    category text NOT NULL,
    text_ru text NOT NULL
);


ALTER TABLE public.narrative OWNER TO postgres;

--
-- Name: narrative_id_seq; Type: SEQUENCE; Schema: public; Owner: postgres
--

CREATE SEQUENCE public.narrative_id_seq
    START WITH 1
    INCREMENT BY 1
    NO MINVALUE
    NO MAXVALUE
    CACHE 1;


ALTER SEQUENCE public.narrative_id_seq OWNER TO postgres;

--
-- Name: narrative_id_seq; Type: SEQUENCE OWNED BY; Schema: public; Owner: postgres
--

ALTER SEQUENCE public.narrative_id_seq OWNED BY public.narrative.id;


--
-- Name: skills_id_seq; Type: SEQUENCE; Schema: public; Owner: postgres
--

CREATE SEQUENCE public.skills_id_seq
    START WITH 1
    INCREMENT BY 1
    NO MINVALUE
    NO MAXVALUE
    CACHE 1;


ALTER SEQUENCE public.skills_id_seq OWNER TO postgres;

--
-- Name: skills; Type: TABLE; Schema: public; Owner: postgres
--

CREATE TABLE public.skills (
    id bigint DEFAULT nextval('public.skills_id_seq'::regclass) NOT NULL,
    slug text NOT NULL,
    name_ru text NOT NULL,
    desc_ru text NOT NULL
);


ALTER TABLE public.skills OWNER TO postgres;

--
-- Name: weapons; Type: TABLE; Schema: public; Owner: postgres
--

CREATE TABLE public.weapons (
    id bigint NOT NULL,
    slug text NOT NULL,
    name_ru text NOT NULL,
    damage text NOT NULL,
    effect text,
    ammo text
);


ALTER TABLE public.weapons OWNER TO postgres;

--
-- Name: weapons_id_seq; Type: SEQUENCE; Schema: public; Owner: postgres
--

ALTER TABLE public.weapons ALTER COLUMN id ADD GENERATED ALWAYS AS IDENTITY (
    SEQUENCE NAME public.weapons_id_seq
    START WITH 1
    INCREMENT BY 1
    NO MINVALUE
    NO MAXVALUE
    CACHE 1
);


--
-- Name: armors id; Type: DEFAULT; Schema: public; Owner: postgres
--

ALTER TABLE ONLY public.armors ALTER COLUMN id SET DEFAULT nextval('public.armors_id_seq'::regclass);


--
-- Name: memories id; Type: DEFAULT; Schema: public; Owner: postgres
--

ALTER TABLE ONLY public.memories ALTER COLUMN id SET DEFAULT nextval('public.memories_id_seq'::regclass);


--
-- Name: narrative id; Type: DEFAULT; Schema: public; Owner: postgres
--

ALTER TABLE ONLY public.narrative ALTER COLUMN id SET DEFAULT nextval('public.narrative_id_seq'::regclass);


--
-- Data for Name: armors; Type: TABLE DATA; Schema: public; Owner: postgres
--

COPY public.armors (id, slug, name_ru, armor_level, effect) FROM stdin;
1	no_armor	Нет брони	0	\N
2	light_armor	Легкая броня	1	\N
3	medium_armor	Средняя броня	2	\N
4	heavy_armor	Тяжелая броня	3	\N
\.


--
-- Data for Name: bonuses; Type: TABLE DATA; Schema: public; Owner: postgres
--

COPY public.bonuses (id, slug, name_ru, desc_ru) FROM stdin;
1	mask_monster	Смятая маска монстра	Вселяет первобытный страх в низших существ, таких как гоблины,гномы и дети. Пока она на тебе, они проверяют боевой дух в каждом раунде.
2	houndsword	Коричневый ятаган	Вонючий меч, который ты вытащил из сточной канавы с дерьмом. Урон d6. СЛ10 на атаку и защиту, пока ты им владеешь. Шанс 1 из 6, что раненый враг заразится сильным сепсисом и умрет через 10 минут.
3	wizard_teeth	Зубы волшебника	Четыре странных зуба гремят в почерневшем мешочке. Перед боем сделай бросок d6 для каждого из них. За каждую 6 одна из твоих атак наносит максимальный урон.
4	sigurd_slink	Праща старого Сигурда	Сигурд был самым сильным человеком, чье горло ты когда-либо перегрызал. Эта праща, сплетенная из его длинных седых волос, никогда тебя не подводила. Урон 2d4, требует камней размером с кулак, которые, к несчастью других, есть повсюду.
5	bloodhound	Древняя гончая крови	Задыхающаяся, дряхлая, уставшая и находящаяся на последнем издыхании, эта собака все еще обладает превосходным нюхом и может обнаруживать сокровища в самых отвратительных помоях. Атака СЛ10 (укус d6). Защита СЛ12, 10 ПЗ. Впадает в бешенство рядом с гоблинами и берсеркерами.
6	death_horshoe	Подкова коня Смерти	Выглядит как обычная подкова, но с тех пор, как ты нашел ее в темном склепе, ты убежден, что это подкова самого коня Смерти. При броске она попадает со СЛ10, наносит d4 урона. Шанс 1 из 6, что подкова проломит череп, мгновенно убивая существ малого и среднего размера. Подкова возвращается тебе в руки подобно бумерангу.
7	coward_strike	Удар труса	При внезапной атаке выполни проверку Сноровки СЛ10. В случае успеха ты автоматический попадаешь один раз легким одноручным оружием, нанося обычный урон +3.
8	dirty_hands	Грязные ручонки	Твои маленькие змеиные пальчики ловко залезают в карманы и взламывают замки при проверке Сноровки СЛ8. У тебя есть набор отмычек!
9	disgusting_split	Отвратительный плевок	Твоя мокрота вязкая, комковатая, мерзкая и хорошо летает на близком расстоянии. Ты можешь плюнуть d2 раза во время боя. Проверка Хладнокровия СЛ8, чтобы попасть. Цели ослеплены, их тошнит d4 раунда. Любой, кто станет свидетелем этого - друг или враг, - должен пройти проверку Стойкости, чтобы его тоже не вырвало. Проверка игроков СЛ10, врагов СЛ12.
10	lucky	Счастливчик	Каждый раз, когда ты используешь Знамение, есть 50% вероятность, что оно не будет потрачено.
11	hns_garbage	Прятки в мусоре	У тебя поразительная, почти сверхъестественная способность прятаться в грязи, мусоре и нечистотах. Когда ты скрыт в таких условиях, требуется проверка Хладнокровия СЛ16, чтобы тебя заметили.
12	avoiding_death	Уклонение от смерти	Ты настолько неприятен, дурен, отвратителен и мерзок, что даже Смерть предпочла бы избежать встречи с тобой. При смерти, если есть хоть малейшая возможность вероятности того, что ты выжил, есть 50% шанс, что это произошло. В случае успеха, после 10 раундов ты возвращаешься с d4 ПЗ и невнятным объяснением своего чудесного спасения.
14	oracle_of_the_path	Оракул Пути	Какая польза от карт местности, когда тебе открыта сама суть мироздания? Ты знаешь куда идти, если пройдешь проверку Контроля СЛ8.
15	book_of_boiling_blood	Книга кипящей крови	Ты можешь открывать и читать из этой книги один раз в день. Твой враг должен пройти проверку СЛ12, чтобы прервать тебя. Если он потерпит неудачу, d2 Берсеркеров-убийц появятся из глубин забытого измерения крови. Брось d6: на 1-4 эти существа сражаются бок о бок с тобой. На 5-6 они нападают на тебя, пытаясь убить тебя и уничтожить книгу. После битвы они возвращаются в свое заточение.
16	speaker_of_truth	Говорящий истины	Дважды в день используй свою мудрость, знания, советы и концентрацию, чтобы открыть истину существу по твоему выбору. Значение СЛ следующей проверки, которую существо будет проходить, снижено на 4.
17	dedication_of_the_invisible_college	Посвященный Невидимой Коллегии	Один раз в день ты можешь призвать d2 свитка, Чары этих свитков могут быть использованы только один раз. Брось d4: на 1-2 -- свитки священны, на 3-4 -- свитки нечестивы. Если свитки не использовать до восхода солнца, они превращаются в пепел.
18	immortal_bard	Бессмертный бард	Ты выучил свои мелодии в Потустороннем мире. Твоя музыка дает + d4 к броскам Реакции.
19	hawk_as_a_weapon	Ястреб как оружие	Твой хитрый, почти разумный ястреб предан только тебе. Даже не зная ястребиного языка, ты понимаешь его крики, когда он разведывает обстановку, охотиться ихи охраняет твой покой. Атака/защита СЛ10 (когти/клюв d4) ПЗ 8.
20	blade_of_your_ancestors	Клинок ваших предков	Этот великолепный и явно волшебный говорящий меч весьма подлый и тихо презирает тебя. Он насмехается над твоими неудачами и, если будет сильно разочарован, с вероятностью 1 из 6 "случайно" нападет на тебя или твоих спутников. Наносит d6+1 урона. СЛ атаки/защиты равна 10.
21	cowardly_jester	Трусливый шут	Несмотря на то, что он практически бесполезен, неприятен и раздражает лично тебя, его кривлянья заставляют врагов терять концентрацию в бою. В течение первых двух раундов ты и твои союзники получают +2 к\nброскам атаки/защиты.
22	incredible_horse_barbarister	Невероятный конь	Барбаристер волшебный, умный, высокомерный и тщеславный конь. Что еще хуже — он умеет говорить. Если тебе удастся убедить его оказать тебе помощь, Барбаристер добавляет +2 к проверкам Контроля, использующим логику и интеллект. Этот конь гораздо умнее тебя и прекрасно осознает это.
23	squire_hamfund	Оруженосец Хамфунд	Этот чрезвычайно трусливый слуга нужен тебе только для того, чтобы хранить проклятый меч Эврикию. Один раз за бой, если оруженосец поблизости, Эврикия может быть обнажена. Меч наносит 2d6 урона, и за каждый взмах Эврикии бросай d6. На 1 оруженосец убивает себя мечом и Эврикия исчезает навсегда.
24	gift_in_snake_skin	Подарок в Змеиной коже	Дорогая шкатулка из сандалового дерева, обтянутая змеиной кожей. В ней лежит, казалось бы, обычный кинжал, завернутый в шелк. Кинжал наносит урон d4, но на 1 цель немедленно умирает от смертельного яда, вытекающего из лезвия.
25	horn_lords_of_schelswig	Рог лордов Шлезвига	Раз в день подуй в эту старую помятую трубу и пройди проверку Контроля СЛ12, чтобы призвать души предков. Выбери существо и они вселятся в него. Теперь это существо может автоматически успешно пройти свою следующую не боевую проверку.
51	sacred_shepherd_crook	Священный пустуший посох	Его навершие представляет собой крюк из человеческой кости, на который нанесены перекрывающиеся анти-молитвы. Этот крюк проникает в другие миры. Посох наносит 2d4 урона всем, кроме людей-безбожников.
52	stolen_mitre	Украденная митра	Во время ношения этой священной шапки мерзкое тело священника размывается, и его становится трудно поразить в бою (защита СЛ10) .Если натянуть митру на уши вне боя, жрец становится почти невидимым, проверка скрытности СЛ8.
53	list_of_sins	Список грехов	Длинный и аккуратно составленный документ, связанный с реальностью, позволяющий обнаружить грешников и злодеев. Успешная проверка Контроля СЛ10: странный свет окружает злых существ поблизости. Владелец списка получает бонус к защите +2 от любого существа окруженного таким свечением.
54	blasphemous_bible_nechrubel	Богохульная Библия Нечрубель	Настолько богохульная, что даже сами священники могут читать ее только один раз в день. Когда прочтешь, брось кубик. Четный результат: до конца дня ИП восстанавливают d4 ПЗ всего за пять минут отдыха. Нечетный результат: еретик страдает от демонических видений. Мастер может выдумывать d3 вещей, которые может видеть только жрец, и описывать их игроку так, как будто это правда. Этот эффект заканчивается на рассвете.
55	stones_taken_from_lost_temple_tel_emas	Камни взятые из утраченного храма Тель Эмаса	Брось камни на землю. Их рисунок показывает, скрывается ли опасность в соседней комнате. Камни могут лгать. Жрец проходит проверку Контроля СЛ10, чтобы убедиться, что камни не врут. В случае неудачи жрец не может повторно проверить их на ложь, пока солнце не сядет.
56	wrong_jesus_crucifixion	Неправильный Иисус Распятие	Распятие можно использовать при столкновениях с нежитью, а также с меньшими троллями и гоблинами. Проверь Моральный дух существ (добавь к результату броска Контроль священника). При успехе, существа преклоняются перед силой еретического жреца и любезно удаляются восвояси.
57	red_poison	Красный яд	Проверка Стойкости СЛ12 или d10 урона.
58	ezumiel_steam	Пар Эзумиэля	Пройди проверку СЛ14 или получи приступ сильных (и невероятно странных) галлюцинаций на d4 часа.
59	southern_frog_stew	Рагу из южной лягушки	Рвота в течение d4 часов. Пройди проверку СЛ14, или ты ничего не сможешь делать в это время.
60	elixir_of_life	Эликсир жизни	Лечит d6 ПЗ и останавливает инфекцию. Может вызывать привыкание.
61	owl_spider_soup	Суп из сово паука	Дает способность видеть в темноте и лазать по стенам в течение 30 минут.
62	fernor_love_potion	Приворотное зелье Фернора	Полупрозрачное масло, необходимо нанести прямо на глаз. Излечивает инфекцию и дает +2 к проверкам Контроля на d4 часа.
63	gifos_snuff	Нюхательный табак Гифоса	Ярость! Дает две атаки за раунд, но сложность защиты под действием табака повышается до СЛ14. Длится один бой. Нужно глубоко вдохнуть. Вызывает чиханье.
64	black_poison	Черный яд	Проверка Стойкости СЛ14 или d6 урона и слепота на один час.
\.


--
-- Data for Name: class_bonuses; Type: TABLE DATA; Schema: public; Owner: postgres
--

COPY public.class_bonuses (class_id, bonuses_id) FROM stdin;
1	1
1	2
1	3
1	4
1	5
1	6
2	7
2	8
2	9
2	10
2	11
2	12
3	13
3	14
3	15
3	16
3	17
3	18
3	19
4	20
4	21
4	22
4	23
4	24
4	25
27	51
27	52
27	53
27	54
27	55
27	56
28	57
28	58
28	59
28	60
28	61
28	62
28	63
28	64
\.


--
-- Data for Name: class_memories; Type: TABLE DATA; Schema: public; Owner: postgres
--

COPY public.class_memories (class_id, memories_id) FROM stdin;
1	1
1	2
1	3
1	4
1	5
1	6
2	7
2	8
2	9
2	10
2	11
2	12
3	13
3	14
3	15
3	16
3	17
3	18
4	19
4	20
4	21
4	22
4	23
4	24
27	50
27	51
27	52
27	53
27	54
27	55
28	56
28	57
28	58
28	59
28	60
28	61
28	62
28	63
\.


--
-- Data for Name: class_skills; Type: TABLE DATA; Schema: public; Owner: postgres
--

COPY public.class_skills (class_id, skills_id) FROM stdin;
1	1
1	2
1	3
2	4
2	5
3	6
3	7
4	8
3	15
27	34
27	35
28	36
28	7
28	37
28	38
2	39
4	40
3	41
27	42
\.


--
-- Data for Name: classes; Type: TABLE DATA; Schema: public; Owner: postgres
--

COPY public.classes (id, slug, name_ru, desc_ru, hp_formula, money_formula, signs_formula, agility_formula, presence_formula, strength_formula, toughness_formula, bonus_type, weapon_formula, armor_formula, memorie_type) FROM stdin;
1	fanged_deserter	Клыкастый дезертир	У тебя около тридцати друзей, которые никогда тебя не подводили: ТВОИ ЗУБЫ. Иные всегда уходили, кто-то из-за неверности, кто-то из-за страха. Но твое государство зубов — огромных, выступающих, толстых и острых — всегда было твоим союзником.	d10	2d6*10	d2	3d6-1	3d6-1	3d6+2	3d6	У тебя с собой есть	d1	d1	Самые ранние воспоминания
2	gutterborn_scum	Отброс из трущоб	Злая звезда улыбнулась тебе в ночь твоего рождения. Бедность, преступность и плохое воспитание не сделали тебя лучше. В твоем сообществе честный рабочий день никогда не был приемлемым вариантом. Не то чтобы ты когда-нибудь пробовал, ты что, лопух какой-то? Лезваие бритвы и безлунная ночь стоят недели тяжелой работы	d6	1d6*10	d2	3d6	3d6	3d6	3d6-2	Ты начинаешь с одной особенностью	d6	d2	Неудачные роды
3	esoteric_hermit	Эзотерический отшельник	Свод твоей пещеры почти равноценен звездному небу. Он безмолвен и совершенен. Ныне хаос падшего мира прерывает твои ритуалы, а омут ночи становится чернее, чем сумрак в уголках твоей пещерной обители. И это не на шутку раздражает!	d4	1d6*10	d4	3d6	3d6+2	3d6	3d6-2	Ты обладаешь кое чем	d4	d2	Сверхъестественное происхождение
4	wretched_royalty	Падшая знать	Лишь память о былой славе движет тобой. Никто и ничто не заставит тебя преклонить колени. Только не тебя, потомка благородной крови!\n(Не то чтобы эти простолюдины могли понять глубину твоих страданий)	d6	4d6*10	d2	3d6	3d6	3d6	3d6	У тебя осталось от былого величия	d8	d4	Все шло так хорошо, пока...
28	occult_herbalist	Оккультный травник	Рожденный из гриба, выросшего на поляне, под оком луны в серебристо-черном пруду.	d6	2d6*10	d2	3d6	3d6	3d6-2	3d6+2	Отвары оккультного травника.	d6	d2	Ты вырос.
27	heretical_priest	Еретический жрец	Преследуемый адептами Единой Истинной веры Двуглавых Василисков, этот еретик читает в руинах молитвы старым богам, бесконечно бродит по пыльным дорогам, сеет скверну в умы людей и оскверняет соборы Василисков по ночам.	d8	3d6*10	d4	3d6	3d6+2	3d6-2	3d6	У тебя есть.	d8	d4	Нечестивое происхождение.
\.


--
-- Data for Name: items; Type: TABLE DATA; Schema: public; Owner: postgres
--

COPY public.items (id, slug, name_ru, effect, counts, cost, category) FROM stdin;
1	nothing_1	Ничего	\N	\N	\N	first
2	nothing_2	Ничего	\N	\N	\N	first
3	backpack_7	Рюкзак	Вмещает предметы обычного размера	7 предметов	6	first
4	sack_10	Мешок	Вмещает предметы обычного размера	10 предметов	3	first
5	cart	Повозка	Транспорт для перевозки	\N	25	first
6	donkey	Осел	Может нести груз и служить транспортом	\N	\N	first
7	rope_30ft	Веревка	\N	30 футов	4	second
8	torches_4	Факелы	\N	4 шт.	\N	second
9	lantern_oil_6h	Масляная лампа	С маслом	6 часов	10	second
10	magnesium_strip	Магниевая полоска	Яркая вспышка	\N	4	second
11	scroll	Свиток	Магический	\N	50	second
12	sharp_needle	Острая игла	\N	\N	3	second
13	medical_bag	Медицинский саквояж	Останавливает кровотечение/инфекцию. Лечит d6.	4 применения	15	second
14	file_lockpicks	Напильник и отмычки	Вскрытие замков	\N	10	second
15	bear_trap	Медвежий капкан	Обнаружение СЛ14, наносит урон	d8 урона	20	second
16	bomb	Бомба	Запечатанная бутылка	d10 урона	\N	second
17	red_poison	Яд (Красный)	Стойкость СЛ12 или урон	3 дозы, d10 урона	20	second
18	silver_crucifix	Распятие, серебро	Священный предмет	\N	60	second
19	life_elixir	Эликсир жизни	Лечит и устраняет инфекцию	d4 доз, d6 лечения	\N	third
20	sacred_scroll	Священный свиток	Сильная магия	\N	\N	third
21	dog_small_fierce	Маленькая собачка	ПЗ d6+2, укус	d4 урона	\N	third
22	monkeys_d4	Обезьяны	Игнорируют тебя, но любят	d4 особей, ПЗ d4+2, атака d4	\N	third
23	perfume	Изысканный парфюм	\N	\N	25	third
24	toolset	Набор инструментов	Гвозди, молоток, пила, дрель	\N	20	third
25	heavy_chain	Тяжелая цепь	\N	15 футов	10	third
26	grappling_hook	Абордажный крюк	\N	\N	12	third
27	shield	Щит	-1 урон или сломается после поглощения атаки	\N	\N	third
28	crowbar	Лом	\N	d4 урона	8	third
29	lard	Свиное сало	Можно есть	5 приёмов пищи	5	third
30	tent	Палатка	Укрытие	\N	12	third
31	waterskin	Бурдюк для воды	Запас воды	4 дня	4	\N
32	rope	Веревка	\N	30 футов	4	\N
33	burner	Горелка	\N	\N	2	\N
34	chewing_tobacco	Жевательный табак	\N	\N	1	\N
35	iron_nails	Железные гвозди	\N	10 штук	10	\N
36	iron_hook	Железный крюк	\N	\N	9	\N
37	preserved_corpse	Законсервированный труп	\N	\N	70	\N
38	mirror	Зеркало	\N	\N	15	\N
39	caltrops	Калтропы	Заражение на 1 на d6	d4 урона	7	\N
40	ladder	Лестница	\N	\N	7	\N
41	small_wagon	Маленький фургон	\N	\N	25	\N
42	lantern_oil	Масло для фонаря	\N	6 часов	5	\N
43	oil_lamp	Масляная лампа	\N	\N	10	\N
44	mattress	Матрас	\N	\N	3	\N
45	chalk	Мел	\N	\N	1	\N
46	sack	Мешок	Вмещает предметы обычного размера	10 предметов	3	\N
47	hammer	Молоток	\N	\N	8	\N
48	muzzle	Намордник	\N	\N	6	\N
49	file	Напильник	\N	\N	10	\N
50	handcuffs	Наручники	\N	\N	10	\N
51	butter_knife	Нож для масла	\N	\N	15	\N
52	scissors	Ножницы	\N	\N	9	\N
53	flint_and_steel	Огниво	\N	\N	4	\N
54	blanket	Одеяло	\N	\N	4	\N
55	needle	Острая игла	\N	\N	3	\N
56	lockpicks	Отмычки	\N	\N	5	\N
57	snare	Петля	\N	\N	5	\N
58	wooden_crucifix	Распятие, дерево	\N	\N	8	\N
59	backpack	Рюкзак	Вмещает предметы обычного размера	7 предметов	6	\N
60	salt	Соль	\N	\N	4	\N
61	ration	Сухой паек	Еда на 1 день	1 порция	1	\N
62	black_poison	Яд (Черный)	Стойкость СЛ14 или урон + ослепление на час	3 дозы, d6 урона	20	\N
63	grace_dead_saint	Благодать мёртвого святого	d2 существ восстанавливают d10 ПЗ каждое.	1	\N	sacred_scroll
64	grace_sinner	Благодать для грешника	Существо по вашему выбору получает +d6 на один бросок (урон, проверки и т.д.)	1	\N	sacred_scroll
65	whispers_gate	Шёпоты за вратами	Задайте три вопроса умершему существу.	1	\N	sacred_scroll
66	aegis_sorrow	Эгида скорби	Существо по вашему выбору получает 2d6 дополнительных ПЗ на 10 раундов.	1	\N	sacred_scroll
67	unmet_fate	Невстреченная судьба	Одно существо, мертвое не более недели, пробуждается с ужасными воспоминаниями.	1	\N	sacred_scroll
68	bestial_speech	Речь зверей	Вы можете разговаривать с животными в течение d20 минут.	1	\N	sacred_scroll
69	false_dawn	Ложная заря / Колесница ночи	Свет или кромешная тьма на 3d10 минут.	1	\N	sacred_scroll
70	hermetic_step	Герметический шаг	Вы находите все ловушки на своем пути в течение 2d10 минут.	1	\N	sacred_scroll
71	roskoe_glare	Пожирающий взор Роско	d4 существ теряют по d8 ПЗ каждое.	1	\N	sacred_scroll
72	enochian_syntax	Енохианский синтаксис	Одно существо слепо подчиняется одному приказу.	1	\N	sacred_scroll
73	palms_gate	Ладони открывают южные врата	Огненный шар поражает d2 существ, нанося d8 урона каждому.	1	\N	wicked_scroll
74	tongue_eris	Язык Эрис	Существо по вашему выбору сбито с толку на 10 минут.	1	\N	wicked_scroll
75	telekinesis	Телекинез	Переместите объект на расстояние d10×10 футов в течение d6 минут.	1	\N	wicked_scroll
76	lucy_levitation	Левитация Люци-Файр	Левитация на Контроль + d10 раундов.	1	\N	wicked_scroll
77	daemon_capillaries	Демон капилляров	Одно существо задыхается d6 раундов, теряя d4 ПЗ за раунд.	1	\N	wicked_scroll
78	violet_signs_storm	Девять фиолетовых знаков развязывают бурю	Призывает d2 молнии, которые наносят по d6 урона каждая.	1	\N	wicked_scroll
79	metzhuotl_blind	Мецхуотль ослепляет твой глаз	Существо становится невидимым на d6 раундов или до повреждения. Атакует и защищается со СЛ6.	1	\N	wicked_scroll
80	foul_psychompomp	Гнусный психопомп	Призыв (d6): 1-3 d4 скелета; 4-6 d4 зомби.	1	\N	wicked_scroll
81	eyelid_blind_mind	Веко ослепляет разум	d4 существа засыпают на один час, если не пройдут проверку СЛ14.	1	\N	wicked_scroll
82	death	Смерть	Все существа в радиусе 30 футов теряют в общей сложности 4d10 ПЗ.	1	\N	wicked_scroll
\.


--
-- Data for Name: memories; Type: TABLE DATA; Schema: public; Owner: postgres
--

COPY public.memories (id, slug, name_ru, desc_ru) FROM stdin;
1	burned_house	Сгоревшее здание	Сгоревшее черное здание в Саркаше. Твой дом?
2	rotting_ship	Заброшенный корабль	Заброшенный гниющий корабль, бесконечно катящийся по серому морю.
3	brothel_schleswig	Бордель в Шлезвиге	Бордель в Шлезвиге. Довольно дружелюбная обстановка.
4	hotel_sleep	Сон с собаками в гостинице	Спишь с собаками в углу гостиницы, ожидая, когда кто-нибудь вернется.
5	army_east_westlend	Следовал за армией	Следовал за армией в восточную Вестландию
6	suckled_wolf	Вскормлен волчицей	Вскормлен волчицей в глуши Бергенского Хребта
7	shit_cart	Дерьмовая тележка	Сброшен на тележку с дерьмом, прямо в родовой пеленке.
8	corpe_born	Выпал из трупа	Мать повесили на дереве за стенами Хальгенбека, ты выпал из её трупа.
9	raise_rats	Выращен крысами	Выращен крысами в сточных канавах Грифта.
10	undertable_baker	Под столом пекаря	Тебя пинали и били под столом пекаря в Шлезвиге.
11	ran_tweedland	Сбежал из твиландского	Сбежал из твиландского сиротского приюта.
12	raised_criminals	Воспитан преступниками	Воспитывался преступниками в притоне к югу от Альянса.
13	awaken_adult	Пробуждение взрослого	Пробудился взрослым в ритуальном кругу под северным мостом в Грифте.
14	wandering_memory_less	Блуждающий без воспоминаний	Блуждал, лишенный воспоминаний, по лабиринтам пещер Териона.
15	solitary_child	Одинокий ребенок	Одинокий ребенок, выживший в результате инцидента в Долине Несчастной нежити
16	dying_of_plague	Умирая от чумы	Умирая от чумы в лачуше на бергенском Хребте, ты прикоснулся к чему-то неведомому.
17	simple_life	Простая жизнь	Жил простой жизнью, пока не встретил нечто в тумане Саркаша.
18	secluded_island	Уединенный остров	Вырос на уединенном острове озера Онда. Никто никогда не слышал об этом острове, и ты не можешь туда вернуться.
19	westland_palace_ruins	Вестлендский дворец	Все шло так хорошо, пока твой Вестлендский дворец не превратился в руины.
20	caravan_in_twiland_plundered	Караван в Твиландии	Все шло так хорошо, пока твой караван в Твиландии не был разграблен и ты потерял все.
21	king_fatmuix_brother	Брат короля Фатму |X	Все шло так хорошо, пока брат короля Фатму IX Зигмунд, твой отец, не был убит.
22	sudglans_swallowed_sea	Зюдгланов поглотило море	Все шло хорошо, пока южную империю Зюдгланов не поглотило море.
23	antelia_demand_blood	Антелия потребовала кровь	Все шло хорошо, пока Антелия не потребовала в дар благородную кровь.
24	two_young_princes	Два юных принца	Все шло хорошо, пока два юных принца не были похищены к западу от Бергенского Хребта и не исчезли в черной расселине на восточных склонах.
50	halgenbeck_near_cathedral	Хальгенбек рядом с Собором	Хальгенбек, рядом с Собором Двухглавых Василисков.
51	only_survivoer_alliance_cult	Выживший культа Альянса	Единственный выживший из уничтоженного культа Альянса.
52	gryft_crypts	Склепы Грифта	Склепы Грифта.
53	ruins_temple_unfortunate_undead	Руины Храма Несчастной Нежети	Руины храма в Долине Несчастной Нежити.
54	thieves_tunnels_graven_toska	Воровской туннель Гравен Тоска	Один из многочисленных воровских туннелей Гравен-Тоска.
55	secret_temple_bergen_range	Тайный храм Бергенского Хребта	Тайный храм в Бергенском Хребте.
56	quiet_darkness_sarkash_one	Тихая темнота Саркаша	В темноте и тихой изоляции Саркаша.
57	quiet_darkness_sarkash_two	Тихая темнота Саркаша	В темноте и тихой изоляции Саркаша.
58	quiet_darkness_sarkash_three	Тихая темнота Саркаша	В темноте и тихой изоляции Саркаша.
59	illegal_night_market_schleswig	Нелегальный рынок Шлезвига	На нелегальном ночном рынке Шлезвига.
60	heretical_island_kreluth	Еретический остров Крелут	На еретическом острове Крелут (Отрицателей Василисков), в двух морских милях к востоку от Грифта.
61	ancient_frosty_ruins	Древние морозные руины	На древних морозных руинах недалеко от Альянса.
62	witch_little_hut	Маленькая избушка ведьмы	В маленькой избушке ведьмы в Хальгенбеке.
63	ruins_shadow_king_mansion	Руины особняка Короля Тени	В руинах особняка Короля-Тени, где не истребим грибной и дымный дух.
\.


--
-- Data for Name: narrative; Type: TABLE DATA; Schema: public; Owner: postgres
--

COPY public.narrative (id, slug, category, text_ru) FROM stdin;
1	collect_sharp_stones	bad_habit	Одержимо собираешь маленькие острые камешки.
2	test_blades_on_self	bad_habit	Не используешь лезвие, не испытав его на собственной плоти. Руки, испещрены шрамами.
3	cannot_stop_drinking	bad_habit	Не можешь перестать пить, как только начнешь.
4	gambling_addiction	bad_habit	Пристрастие к азартным играм. Нужно делать ставки каждый день. Если проиграешь, подними ставку и сыграй снова.
5	hate_criticism	bad_habit	Не терпишь критики любого рода. Приводит к ярости и плачу.
6	never_get_to_point	bad_habit	Не можешь перейти к сути. На самом деле, ты никогда не заканчиваешь ни один свой рассказ.
7	skull_best_friend	bad_habit	Лучший друг — это череп. Носишь его с собой, рассказываешь ему все. Ты больше никому не доверяешь.
8	nose_picking_till_blood	bad_habit	Ты ковыряешь в носу так глубоко, что идет кровь.
9	hysterical_laughter_explain_jokes	bad_habit	Истерически смеешься над своими собственными шутками, которые потом подробно объясняешь.
10	insistent_nihilist	bad_habit	Нигилист. Ты настаиваешь на том, чтобы говорить всем, что ты нигилист, и объяснять почему.
11	insect_eater	bad_habit	Заядлый пожиратель насекомых.
12	aesthetic_under_stress	bad_habit	Реакция на стресс — это эстетическое проявление. Чем хуже обстоят дела, тем более причудливым тебе нужно быть.
13	constant_phlegm	bad_habit	Постоянное отложение мокроты в горле. Непрерывно кашляешь, фыркаешь, сплевываешь и глотаешь.
14	pyromaniac	bad_habit	Пироманьяк
15	lose_items_forget_facts	bad_habit	Постоянно теряешь важные предметы и забываешь жизненно важные факты.
16	gossip_monger	bad_habit	Сплетник. Перемоешь кости тому, кто только что вышел из комнаты.
17	stutter_when_lying	bad_habit	Ты заикаешься, когда лжешь.
18	giggle_at_wrong_time	bad_habit	Ты безумно хихикаешь в самые неподходящие моменты.
19	whistle_while_hiding	bad_habit	Ты свистишь, пытаясь спрятаться. Ты будешь отрицать это. Свисти, когда выпадет 5, 7, 9, 11 или 13 очков на d20.
20	teeth_jewelry	bad_habit	Ты делаешь украшения из зубов мертвецов. Если это можно считать вредной привычкой.
21	wanted_for_murder_bounty	dangerous_past	В розыске за убийство. За голову назначена награда.
22	crushing_debt_collectors	dangerous_past	Огромный долг, передается все более безжалостным коллекторам.
23	rare_sought_item	dangerous_past	У тебя есть редкий, востребованный предмет.
24	cursed_unhealing_wound	dangerous_past	У тебя есть проклятая, никогда не заживающая рана.
25	royal_affair_evidence	dangerous_past	У тебя был тайный роман с членом королевской семьи. Остались улики.
26	cult_defector_paranoid	dangerous_past	Сбежал из секты. Напуганный параноик. Другие сектанты повсюду.
27	murdered_and_replaced_someone	dangerous_past	Ты недавно убил и заменил собой человека.
28	exiled_for_disgrace	dangerous_past	Изгнан за позорные деяния. Никогда не сможешь вернуться домой.
29	deserter_bounty_hunted_by_friends	dangerous_past	Дезертировал из армии, став свидетелем резни, объявлена награда за голову. Преследуют бывшие друзья.
30	killed_relative_for_inheritance	dangerous_past	Совсем недавно убил близкого родственника за наследство.
31	puzzle_cube_awoke_horror	dangerous_past	Кубик-головоломка был неправильно собран, что пробудило дремлющую мерзость, преследующую тебя.
32	evils_follow_your_tracks	dangerous_past	Злым существам нравится запах твоих следов, и они тянутся к тебе, принося за собой несчастья.
33	shrapnel_moving_to_heart	dangerous_past	Боевое ранение оставило осколок металла, приближающийся к твоему сердцу. Каждый день существует 2%-ная вероятность того, что он достигнет цели.
34	trees_whisper_you_attack	dangerous_past	Тебе кажется, что деревья шепчутся. Ты разговариваешь, кричишь, и нападаешь на них.
35	nightmares_infect_others	dangerous_past	Твои кошмары лезут в чужие сны и ты спишь подальше от всех.
36	war_with_corvids	dangerous_past	Ты в состоянии войны со всеми врановыми. У тебя есть праща.
37	insect_worm_songs_understood	dangerous_past	После того, как тебе приснился подземный храм забытого бога, ты понимаешь песни насекомых и червей.
38	golem_tracks_you_erased_deal	dangerous_past	Тебя выслеживает голем, после договора, который, как ты знаешь, ты стер из своей памяти.
39	creed_burn_or_be_burned	dangerous_past	Твое кредо: “Сожги или будь сожженным”.
117	memory_loss_dark_deed	secret_quest	Утрата памяти. Ты совершил что-то из ряда вон выходящее, но напрочь забыл об этом
40	flesh_heals_double_allies_half	dangerous_past	Твоя плоть заживает в два раза быстрее, но у твоих товарищей в два раза медленнее. Ты видишь многоглазого “ангела-хранителя”.
41	manic_stare	injurie	Пристальный маниакальный взгляд.
42	blasphemous_tattoos	injurie	Покрыт богохульными (для некоторых) татуировками.
43	rotting_face_mask	injurie	Гниющее лицо. Носишь маску.
44	lost_toe_fingers_limp	injurie	Потерял три пальца на ноге, хромаешь.
45	emaciated_pale	injurie	Изможденный, костлявый и бледный.
46	hook_hand_d6	injurie	Одна рука заменена ржавым крюком (повреждение d6).
47	rotting_teeth	injurie	Гниющие зубы.
48	uncanny_beauty_clean	injurie	Завораживающе красивый, пугающе чистый.
49	ulcered_hands	injurie	Руки, покрыты язвами.
50	spreading_cataract	injurie	Катаракта медленно, но верно распространяется на оба глаза.
51	matted_hair_cockroach	injurie	Длинные спутанные волосы, ставшие домом таракану (вроде одному...).
52	broken_ears	injurie	Сломанные уши.
53	tremor_stutter_tic	injurie	Дрожь и заикание, нервный тик.
54	obese_drooling_hungry	injurie	Тучный, прожорливый, пускающий слюни, вечно голодный.
55	lobster_grip	injurie	На одной руке не хватает большого и указательного пальцев, захват как у омара.
56	alcoholic_red_nose	injurie	Красный, распухший нос алкоголика.
57	maniac_face	injurie	Лицо помешанного маньяка, трудно заводить друзей.
58	chronic_foot_fungus	injurie	Хронический микоз стопы. Ноги вечно воняют.
59	smelly_eye_patched	injurie	Недавно про оперированный, вонючий глаз заклеен пластырем.
60	cracked_black_nails	injurie	Ногти потрескались и почернели, возможно, вот-вот отвалятся.
61	arg_tval	name	Арг-Твал
62	agn	name	Агн
63	arvant	name	Арвант
64	belsum	name	Белсум
65	belum	name	Белум
66	brint	name	Бринт
67	bjorda	name	Бьёрда
68	dairu	name	Дайру
69	eldar	name	Эльдар
70	felban	name	Фелбан
71	gotvin	name	Готвин
72	graft	name	Графт
73	grin	name	Грин
74	gritt	name	Гритт
75	heyru	name	Хейру
76	karga	name	Карга
77	harmug	name	Хармуг
78	jotna	name	Йотна
79	karg	name	Карг
80	karva	name	Карва
81	katla	name	Катла
82	keftar	name	Кефтар
83	klort	name	Клорт
84	kratar	name	Кратар
85	kutz	name	Кутз
86	kvitin	name	Квитин
87	laigan	name	Лайган
88	margar	name	Маргар
89	merkari	name	Меркари
90	nagl	name	Нагл
91	niduk	name	Нидук
92	nifel	name	Нифель
93	prugl	name	Пругл
94	qvilnach	name	Квилнач
95	risten	name	Ристен
96	svind	name	Свинд
97	zeras	name	Зерас
98	zerg	name	Зерг
99	torval	name	Торвал
100	torn	name	Торн
101	urm	name	Урм
102	urvarg	name	Урварг
103	vagal	name	Вагал
104	vatan	name	Ватан
105	von	name	Вон
106	vrakh	name	Вракх
107	vreshi	name	Вреши
108	vimut	name	Вимут
109	dying_of_plague_contagious	secret_quest	Умираешь от чумы. Ты очень заразен. Быть может ты безумен и твоя цель - перезаражать как можно больше людей.
110	werecreature_triggers	secret_quest	Оборотень. Каждую луну, каждый всплеск гнева или еще как - ты превращаешься в: (гоблина, троля, орка, фею, труп, да что угодно)
111	cannibal_heal_specific_part	secret_quest	Каннибал. При поедании какой-то определенной части тела ты можешь восстановить 1 ПЗ (d2 - успех выбираешь сам вначале игры).
112	demon_possession_control	secret_quest	Одержим демоном. Этот демон управляет тобой? Можешь ли ты контролировать его желания?
113	serial_killer_goal	secret_quest	Серийный убийца. Быть может твоя цель убить как можно больше? А как понять кто свои, а кто чужие?
114	foreign_spy_infiltrate	secret_quest	Шпион другого государства. Быть может тебе нужно втереться в доверие и узнать как можно больше всего?
115	puppet_of_survived_god	secret_quest	Марионетка. Какой-то спасшийся бог управляет тобой как марионеткой, пока ты спишь?
116	parasite_infected	secret_quest	Заражён паразитом. Внутри тебя развивается нечто живое, влияющее на поведение
118	cursed_bad_outcomes	secret_quest	Проклят. Ты не можешь действовать так, чтобы не попасть в плохое положение. Ты череда неудач.
119	duplicate_magic_copy	secret_quest	Двойник. Ты - копия оригинального человека, созданный магией, а оригинал где-то рядом.
120	cursed_immortality_madness	secret_quest	Обречен на бессмертие. Ты совсем не можешь умереть, но с каждым возрождением теряешь рассудок
121	death_hunts_people_die	secret_quest	Плюнул в суп смерти. Смерть гоняется за тобой и люди вокруг тебя постоянно умирают
122	in_someone_elses_body	secret_quest	В чужом теле. Тебя перенесло в чужое тело, а твое оригинальное куда-то пропало
123	cursed_blood_mutation_touch	secret_quest	Проклятая кровь. Все кто касается твоей крови начинают постепенно мутировать
124	eternal_hunger	secret_quest	Вечно голоден. Обречен на вечное чувство голода, толкающее к ужасным поступкам
125	bad_prophet_twisted_fate	secret_quest	Херовый пророк. Каждое твое предсказание сбывается, но всегда по своему
126	bipolar_second_persona	secret_quest	Биполярник. В тебе живет вторая личность, а её поступки иногда сильно влияют на жизнь
127	bad_necromancer_revive_small_animals	secret_quest	Херовый некромант. Иногда ты случайным образом можешь воскресить мелких животных
128	capricious_name_changes	secret_quest	Капризное имя. Каждый раз, когда кто-то называет тебя по имени - оно меняется и часто на абсурдное
129	aggravation_situations	terrible_trait	Усугубление ситуации
130	inferiority_complex	terrible_trait	Комплекс неполноценности
131	law_problems	terrible_trait	Проблемы с законом
132	profanity	terrible_trait	Скверновсловие
133	creulty	terrible_trait	Жестокость
134	egocentrism	terrible_trait	Эгоцентризм
135	nihilism	terrible_trait	Нигилизм
136	drug_addiction	terrible_trait	Склонность к злоупотреблению психоактивными веществами
137	bipolar	terrible_trait	Биполярка
138	grumpiness	terrible_trait	Сварливость
139	vindictiveness	terrible_trait	Мстительность
140	cowardice	terrible_trait	Трусость
141	laziness	terrible_trait	Лень
142	suspicion	terrible_trait	Подозрительность
143	ruthlessness	terrible_trait	Безжалостность
144	nervousness	terrible_trait	Нервозность
145	sarcasm	terrible_trait	Язвительность
146	treachery	terrible_trait	Вероломство
147	extravagance	terrible_trait	Расточительность
148	arrogance	terrible_trait	Высокомерие
\.


--
-- Data for Name: skills; Type: TABLE DATA; Schema: public; Owner: postgres
--

COPY public.skills (id, slug, name_ru, desc_ru) FROM stdin;
1	bite_attack	Атака укусом	СЛ10 для атаки, урон d6. Ты должен быть близок к своей цели. Шанс 1-2 на d6, что противник получит свободную атаку.
2	not_gods_spark	Не божья искра	Обычные проверки Сноровки — СЛ14 вместо СЛ12, исключая защиту..
3	illiterate	Неграмотный	Ты не способен понимать свитки.
4	tiny	Маленький	Пониженная стойкость.
5	invisible	Незаметный	Во всех проверках хладнокровия и сноровки слоэжность снижена на 2.
6	wise	Мудрый	Ты мудр. Твой контроль увеличен на 2
8	painfully_mediocre	Болезненно посредственный	Ты не меняешь никаких способностей.
15	esoteric_way	Путь Эзотерика	При старте дается один случайный свиток (священный или нечестивый).
7	weak	Слабый	Ты слаб. Твоя стойкость понижена на 2
34	insightful	Проницательный	Твой Контроль увеличен на 2.
35	fragile	Хрупкий	Ты хрупок. Твоя удаль понижена на два.
36	durable_as_wood	Прочный как дерево	Ты прочен как дерево. Твоя стойкость увеличина на 2.
37	portable_occultism	Портативный оккультизм	Ты носишь с собой портативную лабораторию и постоянно занимаешься поиском ингредиентов.
38	daily_potions	Ежедневные отвары	Ежедневно у тебя есть материалы для приготовления двух случайно выбранных отваров, и ты можешь приготовить в общей сложности d4 дозы. При неиспользовании эти отвары портятся через 24 часа.
39	become_better	Становишься лучше	Когда ты в первый раз становишься лучше, можешь получить еще одну особенность. Когда ты станешь лучше во второй раз - можешь перебросить две особенности или только одну.
40	armor_too_heavy	Слишком тяжелая броня	Перебрось, если выпала тяжелая броня.
41	random_scroll	Случайный свиток	Получи вначале один случайный свиток (священный или нечестивый).
42	charms_medium_armor	Чары средней брони	Ты можешь использовать Чары, когда носишь среднюю броню.
\.


--
-- Data for Name: weapons; Type: TABLE DATA; Schema: public; Owner: postgres
--

COPY public.weapons (id, slug, name_ru, damage, effect, ammo) FROM stdin;
1	unarmed	Невооруженный	d2	\N	\N
2	femur	Бедренная кость	d4	\N	\N
3	staff	Посох	d4	\N	\N
4	short_sword	Короткий меч	d4	\N	\N
5	knife	Нож	d4	\N	\N
6	war_hammer	Боевой молот	d6	\N	\N
7	sword	Меч	d6	\N	\N
9	flail	Цеп	d8	\N	\N
11	zweihander	Цвайхендер	d10	\N	\N
8	bow	Лук	d6	\N	10
10	crossbow	Арбалет	d8	\N	10
\.


--
-- Name: armors_id_seq; Type: SEQUENCE SET; Schema: public; Owner: postgres
--

SELECT pg_catalog.setval('public.armors_id_seq', 9, true);


--
-- Name: bonuses_id_seq; Type: SEQUENCE SET; Schema: public; Owner: postgres
--

SELECT pg_catalog.setval('public.bonuses_id_seq', 64, true);


--
-- Name: classes_id_seq; Type: SEQUENCE SET; Schema: public; Owner: postgres
--

SELECT pg_catalog.setval('public.classes_id_seq', 28, true);


--
-- Name: items_id_seq; Type: SEQUENCE SET; Schema: public; Owner: postgres
--

SELECT pg_catalog.setval('public.items_id_seq', 83, true);


--
-- Name: memories_id_seq; Type: SEQUENCE SET; Schema: public; Owner: postgres
--

SELECT pg_catalog.setval('public.memories_id_seq', 63, true);


--
-- Name: narrative_id_seq; Type: SEQUENCE SET; Schema: public; Owner: postgres
--

SELECT pg_catalog.setval('public.narrative_id_seq', 150, true);


--
-- Name: skills_id_seq; Type: SEQUENCE SET; Schema: public; Owner: postgres
--

SELECT pg_catalog.setval('public.skills_id_seq', 42, true);


--
-- Name: weapons_id_seq; Type: SEQUENCE SET; Schema: public; Owner: postgres
--

SELECT pg_catalog.setval('public.weapons_id_seq', 15, true);


--
-- Name: armors armors_pkey; Type: CONSTRAINT; Schema: public; Owner: postgres
--

ALTER TABLE ONLY public.armors
    ADD CONSTRAINT armors_pkey PRIMARY KEY (id);


--
-- Name: armors armors_slug_key; Type: CONSTRAINT; Schema: public; Owner: postgres
--

ALTER TABLE ONLY public.armors
    ADD CONSTRAINT armors_slug_key UNIQUE (slug);


--
-- Name: bonuses bonuses_pkey; Type: CONSTRAINT; Schema: public; Owner: postgres
--

ALTER TABLE ONLY public.bonuses
    ADD CONSTRAINT bonuses_pkey PRIMARY KEY (id);


--
-- Name: bonuses bonuses_slug_key; Type: CONSTRAINT; Schema: public; Owner: postgres
--

ALTER TABLE ONLY public.bonuses
    ADD CONSTRAINT bonuses_slug_key UNIQUE (slug);


--
-- Name: classes classes_pkey; Type: CONSTRAINT; Schema: public; Owner: postgres
--

ALTER TABLE ONLY public.classes
    ADD CONSTRAINT classes_pkey PRIMARY KEY (id);


--
-- Name: items items_pkey; Type: CONSTRAINT; Schema: public; Owner: postgres
--

ALTER TABLE ONLY public.items
    ADD CONSTRAINT items_pkey PRIMARY KEY (id);


--
-- Name: items items_slug_key; Type: CONSTRAINT; Schema: public; Owner: postgres
--

ALTER TABLE ONLY public.items
    ADD CONSTRAINT items_slug_key UNIQUE (slug);


--
-- Name: memories memories_pkey; Type: CONSTRAINT; Schema: public; Owner: postgres
--

ALTER TABLE ONLY public.memories
    ADD CONSTRAINT memories_pkey PRIMARY KEY (id);


--
-- Name: memories memories_slug_key; Type: CONSTRAINT; Schema: public; Owner: postgres
--

ALTER TABLE ONLY public.memories
    ADD CONSTRAINT memories_slug_key UNIQUE (slug);


--
-- Name: narrative narrative_pkey; Type: CONSTRAINT; Schema: public; Owner: postgres
--

ALTER TABLE ONLY public.narrative
    ADD CONSTRAINT narrative_pkey PRIMARY KEY (id);


--
-- Name: narrative narrative_slug_key; Type: CONSTRAINT; Schema: public; Owner: postgres
--

ALTER TABLE ONLY public.narrative
    ADD CONSTRAINT narrative_slug_key UNIQUE (slug);


--
-- Name: skills skills_pkey; Type: CONSTRAINT; Schema: public; Owner: postgres
--

ALTER TABLE ONLY public.skills
    ADD CONSTRAINT skills_pkey PRIMARY KEY (id);


--
-- Name: weapons weapons_pkey; Type: CONSTRAINT; Schema: public; Owner: postgres
--

ALTER TABLE ONLY public.weapons
    ADD CONSTRAINT weapons_pkey PRIMARY KEY (id);


--
-- Name: TABLE armors; Type: ACL; Schema: public; Owner: postgres
--

GRANT SELECT,INSERT,DELETE,UPDATE ON TABLE public.armors TO hewhale;


--
-- Name: SEQUENCE armors_id_seq; Type: ACL; Schema: public; Owner: postgres
--

GRANT ALL ON SEQUENCE public.armors_id_seq TO hewhale;


--
-- Name: TABLE bonuses; Type: ACL; Schema: public; Owner: postgres
--

GRANT SELECT,INSERT,DELETE,UPDATE ON TABLE public.bonuses TO hewhale;


--
-- Name: SEQUENCE bonuses_id_seq; Type: ACL; Schema: public; Owner: postgres
--

GRANT ALL ON SEQUENCE public.bonuses_id_seq TO hewhale;


--
-- Name: TABLE class_bonuses; Type: ACL; Schema: public; Owner: postgres
--

GRANT SELECT,INSERT,DELETE,UPDATE ON TABLE public.class_bonuses TO hewhale;


--
-- Name: TABLE class_memories; Type: ACL; Schema: public; Owner: postgres
--

GRANT SELECT,INSERT,DELETE,UPDATE ON TABLE public.class_memories TO hewhale;


--
-- Name: TABLE class_skills; Type: ACL; Schema: public; Owner: postgres
--

GRANT SELECT,INSERT,DELETE,UPDATE ON TABLE public.class_skills TO hewhale;


--
-- Name: TABLE classes; Type: ACL; Schema: public; Owner: postgres
--

GRANT SELECT,INSERT,DELETE,UPDATE ON TABLE public.classes TO hewhale;


--
-- Name: SEQUENCE classes_id_seq; Type: ACL; Schema: public; Owner: postgres
--

GRANT ALL ON SEQUENCE public.classes_id_seq TO hewhale;


--
-- Name: TABLE items; Type: ACL; Schema: public; Owner: postgres
--

GRANT SELECT,INSERT,DELETE,UPDATE ON TABLE public.items TO hewhale;


--
-- Name: SEQUENCE items_id_seq; Type: ACL; Schema: public; Owner: postgres
--

GRANT ALL ON SEQUENCE public.items_id_seq TO hewhale;


--
-- Name: TABLE memories; Type: ACL; Schema: public; Owner: postgres
--

GRANT SELECT,INSERT,DELETE,UPDATE ON TABLE public.memories TO hewhale;


--
-- Name: SEQUENCE memories_id_seq; Type: ACL; Schema: public; Owner: postgres
--

GRANT ALL ON SEQUENCE public.memories_id_seq TO hewhale;


--
-- Name: TABLE narrative; Type: ACL; Schema: public; Owner: postgres
--

GRANT SELECT,INSERT,DELETE,UPDATE ON TABLE public.narrative TO hewhale;


--
-- Name: SEQUENCE narrative_id_seq; Type: ACL; Schema: public; Owner: postgres
--

GRANT ALL ON SEQUENCE public.narrative_id_seq TO hewhale;


--
-- Name: SEQUENCE skills_id_seq; Type: ACL; Schema: public; Owner: postgres
--

GRANT ALL ON SEQUENCE public.skills_id_seq TO hewhale;


--
-- Name: TABLE skills; Type: ACL; Schema: public; Owner: postgres
--

GRANT SELECT,INSERT,DELETE,UPDATE ON TABLE public.skills TO hewhale;


--
-- Name: TABLE weapons; Type: ACL; Schema: public; Owner: postgres
--

GRANT SELECT,INSERT,DELETE,UPDATE ON TABLE public.weapons TO hewhale;


--
-- Name: SEQUENCE weapons_id_seq; Type: ACL; Schema: public; Owner: postgres
--

GRANT ALL ON SEQUENCE public.weapons_id_seq TO hewhale;


--
-- Name: DEFAULT PRIVILEGES FOR SEQUENCES; Type: DEFAULT ACL; Schema: public; Owner: postgres
--

ALTER DEFAULT PRIVILEGES FOR ROLE postgres IN SCHEMA public GRANT ALL ON SEQUENCES TO hewhale;


--
-- Name: DEFAULT PRIVILEGES FOR TABLES; Type: DEFAULT ACL; Schema: public; Owner: postgres
--

ALTER DEFAULT PRIVILEGES FOR ROLE postgres IN SCHEMA public GRANT SELECT,INSERT,DELETE,UPDATE ON TABLES TO hewhale;


--
-- PostgreSQL database dump complete
--

\unrestrict trVoXKsdnWD3xrSlkD8N8ED5Mh2mm8QplJODfDclkFA9SLo6HE8wAfcjdglgcy9

